{
  "personList": [{
    "AccountId": "5d7a1378-222e-42ab-99e7-041b2b9393ff",
    "CrucialExp": 2012.4800000000012,
    "CrucialExpDay": 5.989523809523813,
    "ImpExp": 10080.0,
    "ImpExpDay": 30.0,
    "MedExp": 5040.0,
    "MedExpDay": 15.0,
    "SavingCapacity": 372.2933333333333,
    "SavingCapcityDay": 13.296190476190475,
    "TrivalExpDay": 25.0,
    "_id": "ef47ca1b0085a4cc348e58dea78cab75",
    "_rev": "1-460794f0538dda6c67a108d525d7ddd6",
    "totalIncome": 2500,
    "trivalExp": 8400.0
  }],
  "returnCode": "1000"
}